Season,Team,Age,W,L,PW,PL,MOV,SOS,SRS,ORtg,DRtg,NRtg,Pace,FTr,3PAr,TS%,eFG%,TOV%,ORB%,FT/FGA,Arena,Attend.,Attend./G
2024-25,Atlanta Hawks,24.9,40,42,38,44,-1.13,-0.28,-1.41,114.6,115.7,-1.1,102.6,0.252,0.41,0.579,0.546,13.2,26.3,0.196,State Farm Arena,657613,16440
2024-25,Boston Celtics,28.9,61,21,62,20,9.11,-0.83,8.28,120.6,111.1,9.5,95.7,0.212,0.536,0.591,0.561,10.8,25.7,0.169,TD Garden,785396,19156
2024-25,Brooklyn Nets,24.7,26,56,23,59,-7.11,0.16,-6.95,108.5,115.8,-7.3,96.4,0.24,0.458,0.552,0.516,13.7,24.5,0.189,Barclays Center,713304,17398
2024-25,Charlotte Hornets,25.1,19,63,20,62,-9.11,0.01,-9.1,107.3,116.6,-9.3,97.6,0.222,0.43,0.537,0.503,13.7,26.5,0.174,Spectrum Center,703935,17169
2024-25,Chicago Bulls,25.2,39,43,37,45,-1.56,-0.27,-1.83,114.1,115.6,-1.5,102.8,0.214,0.457,0.585,0.553,12.7,22.3,0.173,United Center,825659,20138
2024-25,Cleveland Cavaliers,26.6,64,18,62,20,9.54,-0.73,8.81,121.7,112.2,9.5,99.8,0.241,0.457,0.607,0.578,11.6,25.9,0.187,Rocket Arena,796712,19432
2024-25,Dallas Mavericks,27.5,39,43,38,44,-1.2,0.46,-0.74,114.8,116,-1.2,99.2,0.263,0.389,0.583,0.549,12.5,23.3,0.203,American Airlines Center,803174,20079
2024-25,Denver Nuggets,27,50,32,50,32,3.89,0.08,3.97,119.9,116,3.9,99.8,0.259,0.356,0.604,0.573,12.5,26.7,0.2,Ball Arena,811211,19786
2024-25,Detroit Pistons,25.8,44,38,46,36,1.9,-0.17,1.73,115,113.1,1.9,99.8,0.248,0.394,0.58,0.547,13,26.2,0.192,Little Caesars Arena,781929,19071
2024-25,Golden State Warriors,28.6,48,34,49,33,3.3,0.25,3.56,115,111.7,3.3,98.7,0.244,0.469,0.568,0.536,12.3,27.3,0.187,Chase Center,740624,18064
2024-25,Houston Rockets,24.9,52,30,52,30,4.51,0.45,4.97,115.3,110.8,4.5,98.6,0.242,0.384,0.553,0.523,11.8,31.7,0.178,Toyota Center,716853,17484
2024-25,Indiana Pacers,25.8,50,32,46,36,2.23,-0.55,1.68,116.5,114.3,2.2,99.9,0.241,0.4,0.594,0.562,11.8,21.3,0.19,Gainbridge Fieldhouse,685434,16737
2024-25,Los Angeles Clippers,29.7,50,32,53,29,4.66,0.18,4.84,115.1,110.3,4.8,97.5,0.251,0.387,0.589,0.554,13.4,24.4,0.2,Intuit Dome,679593,16575
2024-25,Los Angeles Lakers,27.9,50,32,44,38,1.22,0.23,1.45,115.9,114.7,1.2,97.6,0.271,0.425,0.593,0.557,12.7,23.3,0.213,Crypto.com Arena,767626,18723
2024-25,Memphis Grizzlies,24.7,48,34,52,30,4.85,-0.06,4.79,117.7,113,4.7,103.3,0.249,0.406,0.588,0.554,13.1,28.7,0.196,FedEx Forum,683067,16660
2024-25,Miami Heat,26.8,37,45,42,40,0.56,-0.45,0.11,113.5,112.9,0.6,96.2,0.232,0.429,0.576,0.544,12.4,22.3,0.183,Kaseya Center,808337,19716
2024-25,Milwaukee Bucks,29.3,48,34,47,35,2.48,-0.36,2.12,115.9,113.4,2.5,99.3,0.268,0.424,0.598,0.568,12.2,19.3,0.201,Fiserv Forum,732014,17437
2024-25,Minnesota Timberwolves,27.2,49,33,53,29,5,0.15,5.15,116.6,111.5,5.1,97.3,0.249,0.455,0.588,0.554,13,25.8,0.196,Target Center,772249,18835
2024-25,New Orleans Pelicans,25.9,21,61,20,62,-9.43,0.84,-8.59,110.4,119.9,-9.5,99.1,0.244,0.385,0.552,0.519,12.8,26.3,0.184,Smoothie King Center,689400,16815
2024-25,New York Knicks,27.5,51,31,51,31,4.1,-0.51,3.59,118.5,114.3,4.2,96.7,0.232,0.382,0.589,0.556,11.9,26,0.186,Madison Square Garden (IV),811794,19800
2024-25,Oklahoma City Thunder,24.8,68,14,68,14,12.87,-0.16,12.7,120.3,107.5,12.8,100,0.22,0.419,0.593,0.56,10.3,24.2,0.18,Paycom Center,754832,17973
2024-25,Orlando Magic,24.9,41,41,41,41,-0.12,-0.58,-0.7,109.4,109.6,-0.2,96.1,0.269,0.411,0.55,0.51,12.9,25.3,0.208,Kia Center,762121,18588
2024-25,Philadelphia 76ers,27.1,24,58,26,56,-6.23,-0.06,-6.29,111.9,118.2,-6.3,97.4,0.257,0.426,0.563,0.527,12.3,23.4,0.201,Wells Fargo Center,813621,19844
2024-25,Phoenix Suns,29.1,36,46,34,48,-3,0.45,-2.55,116.2,119.3,-3.1,97.1,0.241,0.44,0.595,0.561,12.8,22.6,0.195,Footprint Center,699911,17071
2024-25,Portland Trail Blazers,23.8,36,46,33,49,-2.98,0.31,-2.67,111.7,114.7,-3,98.8,0.246,0.418,0.555,0.521,13.8,29.2,0.187,Moda Center,719369,17546
2024-25,Sacramento Kings,27.8,40,42,42,40,0.48,0.11,0.58,116.7,116.2,0.5,98.2,0.235,0.391,0.582,0.548,11.8,25.4,0.19,Golden 1 Center,696409,16986
2024-25,San Antonio Spurs,26,34,48,34,48,-2.76,0.31,-2.45,114.4,117.2,-2.8,99.3,0.234,0.441,0.575,0.544,12.3,24.3,0.181,Frost Bank Center,731474,17976
2024-25,Toronto Raptors,24.5,30,52,30,52,-4.29,-0.11,-4.4,110.5,114.8,-4.3,99.7,0.232,0.373,0.553,0.522,13.3,27.3,0.173,Scotiabank Arena,768573,18746
2024-25,Utah Jazz,23.9,17,65,20,62,-9.34,0.83,-8.51,111.2,120.4,-9.2,100,0.252,0.449,0.568,0.533,14.9,26.9,0.195,Delta Center,745175,18175
2024-25,Washington Wizards,23.5,18,64,15,67,-12.44,0.3,-12.14,106.8,119.1,-12.3,100.9,0.229,0.435,0.546,0.512,13.6,22.7,0.178,Capital One Arena,663691,16084
2023-24,Atlanta Hawks,26.2,36,46,36,46,-2.18,-0.19,-2.38,117.2,119.4,-2.2,100.1,0.251,0.408,0.576,0.539,11.6,27.1,0.2,State Farm Arena,696418,16986
2023-24,Boston Celtics,28.2,64,18,66,16,11.34,-0.6,10.75,123.2,111.6,11.6,97.2,0.224,0.471,0.609,0.578,10.8,24.9,0.18,TD Garden,785396,19156
2023-24,Brooklyn Nets,26.1,32,50,34,48,-2.89,-0.13,-3.02,113.2,116.1,-2.9,96.9,0.234,0.412,0.561,0.531,11.8,25.2,0.177,Barclays Center,720291,17568
2023-24,Charlotte Hornets,25.1,21,61,18,64,-10.24,0.13,-10.12,109.3,119.8,-10.5,97.3,0.212,0.391,0.56,0.529,12.6,21.1,0.167,Spectrum Center,674400,16449
2023-24,Chicago Bulls,28.1,39,43,37,45,-1.44,-0.33,-1.77,114.9,116.3,-1.4,96.3,0.236,0.358,0.568,0.534,11,25.1,0.187,United Center,845620,20625
2023-24,Cleveland Cavaliers,26.2,48,34,47,35,2.41,-0.44,1.98,115.2,112.7,2.5,97.2,0.234,0.422,0.586,0.557,12.4,23.2,0.179,Rocket Mortgage Fieldhouse,793167,19432
2023-24,Dallas Mavericks,26.5,50,32,46,36,2.21,0.09,2.3,117.6,115.4,2.2,100.1,0.251,0.441,0.592,0.562,11.2,22.2,0.19,American Airlines Center,828897,20217
2023-24,Denver Nuggets,27.1,57,25,54,28,5.26,-0.03,5.23,118.5,113,5.5,96.8,0.224,0.352,0.589,0.562,11.5,25.5,0.17,Ball Arena,807062,19684
2023-24,Detroit Pistons,23.8,14,68,20,62,-9.11,0.05,-9.06,109.7,118.8,-9.1,99.8,0.246,0.36,0.562,0.526,13.5,23.9,0.193,Little Caesars Arena,726378,18159
2023-24,Golden State Warriors,28.4,46,36,47,35,2.61,0.16,2.77,117.8,115.2,2.6,99.2,0.219,0.425,0.586,0.557,12.5,27.5,0.171,Chase Center,740624,18064
2023-24,Houston Rockets,25.1,41,41,44,38,1.12,0.12,1.24,114.5,113.4,1.1,99,0.257,0.397,0.565,0.529,11.2,25.1,0.199,Toyota Center,720045,17562
2023-24,Indiana Pacers,25.3,47,35,48,34,3.05,-0.3,2.75,121,118,3,101.7,0.222,0.38,0.606,0.578,11.3,23.8,0.173,Gainbridge Fieldhouse,677554,16526
2023-24,Los Angeles Clippers,30.4,51,31,49,33,3.28,0.13,3.41,118.8,115.4,3.4,97.2,0.256,0.383,0.599,0.561,12,24.4,0.211,Crypto.com Arena,776782,18946
2023-24,Los Angeles Lakers,28,47,35,42,40,0.6,0.48,1.07,115.9,115.3,0.6,100.9,0.276,0.358,0.601,0.566,12.5,19.9,0.216,Crypto.com Arena,793945,18925
2023-24,Memphis Grizzlies,24.4,27,55,24,58,-7,0.43,-6.57,107.2,114.3,-7.1,98.2,0.238,0.428,0.543,0.509,13.4,23.8,0.182,FedEx Forum,681875,16631
2023-24,Miami Heat,28,46,36,46,36,1.76,-0.66,1.1,114,112.2,1.8,96.2,0.257,0.394,0.578,0.538,11.7,21.8,0.21,Kaseya Center,809743,19750
2023-24,Milwaukee Bucks,30.2,49,33,47,35,2.62,-0.18,2.44,118.4,115.8,2.6,99.9,0.27,0.43,0.601,0.568,11.5,21.8,0.209,Fiserv Forum,740850,17659
2023-24,Minnesota Timberwolves,27.2,56,26,57,25,6.45,-0.07,6.39,115.6,109,6.6,97.1,0.27,0.384,0.594,0.559,13,23.2,0.209,Target Center,738984,18024
2023-24,New Orleans Pelicans,26,49,33,52,30,4.41,0.05,4.46,117.4,112.9,4.5,97.9,0.261,0.373,0.591,0.558,11.8,24.4,0.202,Smoothie King Center,692054,17301
2023-24,New York Knicks,26.4,50,32,53,29,4.59,-0.23,4.36,118.2,113.4,4.8,95.2,0.246,0.404,0.574,0.54,11.9,29.4,0.192,Madison Square Garden (IV),808885,19729
2023-24,Oklahoma City Thunder,23.4,57,25,58,24,7.41,-0.05,7.36,119.5,112.1,7.4,99.8,0.24,0.383,0.608,0.573,11.4,21.1,0.198,Paycom Center,715509,17451
2023-24,Orlando Magic,24,47,35,46,36,2.02,-0.55,1.48,113.4,111.3,2.1,96.9,0.287,0.369,0.577,0.541,13.3,25.3,0.218,Kia Center,773939,18849
2023-24,Philadelphia 76ers,28.4,47,35,49,33,3.05,-0.54,2.51,116.9,113.8,3.1,97.5,0.264,0.373,0.574,0.532,10.7,24.8,0.218,Wells Fargo Center,821714,20042
2023-24,Phoenix Suns,29.3,49,33,49,33,3.06,0.02,3.08,117.6,114.6,3,98.3,0.271,0.378,0.603,0.565,13.4,25,0.219,Footprint Center,699911,17071
2023-24,Portland Trail Blazers,24.1,21,61,20,62,-9.02,0.74,-8.29,108.3,117.5,-9.2,97.2,0.228,0.37,0.539,0.503,13.4,27.5,0.181,Moda Center,751395,18327
2023-24,Sacramento Kings,26.4,46,36,45,37,1.74,0.55,2.29,116.9,115.2,1.7,98.8,0.229,0.432,0.582,0.556,11.6,24.5,0.171,Golden 1 Center,735015,17927
2023-24,San Antonio Spurs,23,22,60,26,56,-6.49,0.69,-5.8,110,116.4,-6.4,101.1,0.22,0.401,0.563,0.532,13.2,22.9,0.172,Frost Bank Center,742522,18211
2023-24,Toronto Raptors,25.9,25,57,26,56,-6.44,-0.01,-6.45,112.3,118.8,-6.5,99.4,0.241,0.369,0.566,0.535,12.4,24.2,0.182,Scotiabank Arena,800129,19515
2023-24,Utah Jazz,25.1,31,51,29,53,-4.89,0.68,-4.22,115.5,120.4,-4.9,99.5,0.251,0.406,0.579,0.539,13.6,28.1,0.209,Delta Center,746446,18206
2023-24,Washington Wizards,24.9,15,67,20,62,-9.29,0,-9.29,110.5,119.6,-9.1,102.7,0.221,0.389,0.567,0.538,12.2,20,0.169,Capital One Arena,692851,16899
2022-23,Atlanta Hawks,24.9,41,41,42,40,0.29,0.02,0.32,116.6,116.3,0.3,100.7,0.244,0.331,0.579,0.541,11.2,25.1,0.2,State Farm Arena,719787,17556
2022-23,Boston Celtics,27.4,57,25,57,25,6.52,-0.15,6.38,118,111.5,6.5,98.5,0.243,0.48,0.6,0.566,12,22.1,0.197,TD Garden,785396,19156
2022-23,Brooklyn Nets,28,45,37,43,39,0.85,0.18,1.03,115,114.1,0.9,98.3,0.26,0.397,0.598,0.562,12.7,19.6,0.208,Barclays Center,724439,17669
2022-23,Charlotte Hornets,25.3,27,55,26,56,-6.24,0.35,-5.89,109.2,115.3,-6.1,100.8,0.261,0.36,0.55,0.516,12.3,23.8,0.195,Spectrum Center,702052,17123
2022-23,Chicago Bulls,27.5,40,42,44,38,1.29,0.07,1.37,113.5,112.2,1.3,98.5,0.251,0.333,0.587,0.55,12.2,20.1,0.203,United Center,841632,20528
2022-23,Cleveland Cavaliers,25.4,51,31,55,27,5.38,-0.15,5.23,116.1,110.6,5.5,95.7,0.264,0.371,0.59,0.556,12.3,23.6,0.206,Rocket Mortgage Fieldhouse,777280,18958
2022-23,Dallas Mavericks,27.8,38,44,41,41,0.07,-0.22,-0.14,116.8,116.7,0.1,96.6,0.298,0.487,0.599,0.565,11.4,18,0.225,American Airlines Center,827282,20178
2022-23,Denver Nuggets,26.6,53,29,49,33,3.33,-0.29,3.04,117.6,114.2,3.4,98.1,0.259,0.361,0.601,0.573,13.1,24.8,0.194,Ball Arena,788635,19235
2022-23,Detroit Pistons,24.1,17,65,22,60,-8.22,0.49,-7.73,110.7,118.9,-8.2,99,0.295,0.372,0.561,0.52,13.3,24.9,0.227,Little Caesars Arena,759715,18596
2022-23,Golden State Warriors,27.3,44,38,45,37,1.8,-0.15,1.66,116.1,114.4,1.7,101.6,0.224,0.479,0.6,0.571,14.1,24.4,0.178,Chase Center,740624,18064
2022-23,Houston Rockets,22.1,22,60,23,59,-7.85,0.24,-7.62,111.4,119.3,-7.9,99,0.285,0.359,0.554,0.516,14,30.2,0.215,Toyota Center,668865,16314
2022-23,Indiana Pacers,24.5,35,47,33,49,-3.18,0.28,-2.91,114.6,117.7,-3.1,101.1,0.265,0.413,0.581,0.545,13,23.4,0.209,Gainbridge Fieldhouse,641562,15648
2022-23,Los Angeles Clippers,29.7,44,38,42,40,0.5,-0.19,0.31,115,114.5,0.5,98,0.278,0.387,0.588,0.551,12.8,22.9,0.217,Crypto.com Arena,720543,17574
2022-23,Los Angeles Lakers,27.9,43,39,42,40,0.57,-0.15,0.43,114.5,113.9,0.6,101.3,0.299,0.351,0.582,0.542,12.3,22.8,0.232,Crypto.com Arena,763168,18614
2022-23,Memphis Grizzlies,24.4,51,31,51,31,3.94,-0.34,3.6,115.1,111.2,3.9,101.1,0.259,0.372,0.57,0.54,11.7,26.5,0.19,FedEx Forum,707836,17264
2022-23,Miami Heat,27.7,44,38,40,42,-0.32,0.18,-0.13,113,113.3,-0.3,96.3,0.27,0.408,0.574,0.53,12.4,22.8,0.224,Kaseya Center,807190,19688
2022-23,Milwaukee Bucks,29.8,58,24,50,32,3.63,-0.02,3.61,115.4,111.9,3.5,100.5,0.248,0.446,0.583,0.555,12.7,25,0.184,Fiserv Forum,718786,17531
2022-23,Minnesota Timberwolves,25.8,42,40,41,41,-0.04,-0.18,-0.22,113.7,113.8,-0.1,101,0.271,0.381,0.592,0.56,13.6,21.5,0.205,Target Center,687510,16769
2022-23,New Orleans Pelicans,25.9,42,40,46,36,1.89,-0.26,1.63,114.4,112.5,1.9,99.1,0.279,0.344,0.582,0.543,12.9,24.7,0.221,Smoothie King Center,687691,16773
2022-23,New York Knicks,24.5,47,35,48,34,2.93,0.06,2.99,117.8,114.8,3,97.1,0.285,0.4,0.577,0.541,11.4,28.3,0.217,Madison Square Garden (IV),795110,19393
2022-23,Oklahoma City Thunder,22.8,40,42,44,38,1.09,-0.12,0.96,115.2,114.2,1,101.1,0.256,0.369,0.57,0.531,11.2,24.7,0.207,Paycom Center,636903,15534
2022-23,Orlando Magic,23.1,34,48,35,47,-2.56,0.17,-2.39,111.6,114.2,-2.6,99.3,0.29,0.361,0.573,0.532,13.4,23.8,0.227,Amway Center,728405,17766
2022-23,Philadelphia 76ers,28.2,54,28,52,30,4.32,0.06,4.37,117.7,113.3,4.4,96.9,0.3,0.389,0.608,0.563,12.6,21.6,0.25,Wells Fargo Center,839261,20470
2022-23,Phoenix Suns,28.1,45,37,46,36,2.07,0.01,2.08,115.1,113,2.1,98.2,0.241,0.362,0.57,0.535,12,26.6,0.191,Footprint Center,699911,17071
2022-23,Portland Trail Blazers,25.1,33,49,31,51,-4.01,0.05,-3.96,114.8,118.8,-4,98.6,0.289,0.413,0.589,0.549,13.1,22.4,0.23,Moda Center,767374,18716
2022-23,Sacramento Kings,25.4,48,34,47,35,2.65,-0.35,2.3,119.4,116.8,2.6,100.3,0.284,0.423,0.608,0.572,12,22.7,0.225,Golden 1 Center,715491,17451
2022-23,San Antonio Spurs,23.9,22,60,19,63,-10.04,0.22,-9.82,110.2,120,-9.8,101.6,0.229,0.348,0.554,0.525,13,25.6,0.17,AT&T Center,694434,15508
2022-23,Toronto Raptors,25.8,41,41,45,37,1.48,0.12,1.59,115.5,114,1.5,97.1,0.257,0.351,0.555,0.517,10.3,27.8,0.201,Scotiabank Arena,811261,19787
2022-23,Utah Jazz,26.5,37,45,39,43,-0.94,-0.09,-1.03,115.8,116.7,-0.9,100.5,0.265,0.421,0.584,0.547,13.3,26.8,0.209,Vivint Arena,728240,17762
2022-23,Washington Wizards,26.2,35,47,38,44,-1.21,0.15,-1.06,114.4,115.6,-1.2,98.6,0.258,0.365,0.585,0.55,12.7,22.6,0.202,Capital One Arena,710481,17329
2021-22,Atlanta Hawks,26.1,43,39,45,37,1.56,-0.01,1.55,116.5,114.9,1.6,97.7,0.253,0.39,0.581,0.543,10.8,23,0.205,State Farm Arena,672742,16408
2021-22,Boston Celtics,26.1,51,31,59,23,7.28,-0.26,7.02,114.4,106.9,7.5,96.6,0.239,0.425,0.578,0.542,12.4,24,0.195,TD Garden,785396,19156
2021-22,Brooklyn Nets,29.1,44,38,43,39,0.78,0.04,0.82,113.6,112.8,0.8,99,0.246,0.359,0.576,0.54,12.5,23.9,0.198,Barclays Center,711539,17355
2021-22,Charlotte Hornets,25.5,43,39,42,40,0.44,0.09,0.53,114.1,113.7,0.4,100,0.234,0.418,0.572,0.544,11.6,23.3,0.173,Spectrum Center,700755,17092
2021-22,Chicago Bulls,26.3,46,36,40,42,-0.39,0.02,-0.38,113.2,113.6,-0.4,98.3,0.248,0.332,0.579,0.541,11.8,20.4,0.201,United Center,856148,20882
2021-22,Cleveland Cavaliers,24.7,44,38,47,35,2.12,-0.08,2.04,111.9,109.7,2.2,96.1,0.261,0.387,0.571,0.538,13.2,24,0.198,Rocket Mortgage Fieldhouse,758228,18493
2021-22,Dallas Mavericks,26.7,52,30,50,32,3.3,-0.18,3.12,112.8,109.4,3.4,95.4,0.249,0.439,0.572,0.538,11.7,21.3,0.192,American Airlines Center,808037,19708
2021-22,Denver Nuggets,27.7,48,34,47,35,2.3,-0.15,2.16,114.5,112.1,2.4,97.8,0.244,0.416,0.59,0.556,13.2,21.9,0.194,Ball Arena,695262,16958
2021-22,Detroit Pistons,23.6,23,59,22,60,-7.72,0.37,-7.36,106,113.8,-7.8,98.4,0.249,0.391,0.533,0.494,12.6,23.4,0.194,Little Caesars Arena,663556,16184
2021-22,Golden State Warriors,27.6,53,29,55,27,5.54,-0.02,5.52,112.5,106.9,5.6,98.4,0.235,0.456,0.582,0.552,13.5,22.8,0.181,Chase Center,740624,18064
2021-22,Houston Rockets,24.1,20,62,21,61,-8.48,0.22,-8.26,108.4,116.7,-8.3,100.9,0.284,0.448,0.565,0.534,14.5,21.7,0.202,Toyota Center,638977,15585
2021-22,Indiana Pacers,26,25,57,32,50,-3.48,0.22,-3.26,112.6,116.1,-3.5,98,0.239,0.395,0.564,0.531,12.7,25.5,0.184,Gainbridge Fieldhouse,588743,14360
2021-22,Los Angeles Clippers,27.5,42,40,41,41,0.02,0.06,0.09,110.1,110.1,0,98,0.224,0.391,0.564,0.531,12.5,20.6,0.178,Crypto.com Arena,694005,16927
2021-22,Los Angeles Lakers,30.2,33,49,33,49,-3.05,-0.03,-3.08,110.3,113.3,-3,100.1,0.259,0.388,0.567,0.537,12.8,21.1,0.19,Crypto.com Arena,764631,18650
2021-22,Memphis Grizzlies,24,56,26,55,27,5.68,-0.32,5.37,114.6,109,5.6,100.3,0.245,0.346,0.553,0.522,11.2,30,0.18,FedEx Forum,646785,15775
2021-22,Miami Heat,28.2,53,29,53,29,4.45,-0.22,4.23,113.7,109.1,4.6,95.9,0.252,0.422,0.584,0.547,13.4,23.5,0.204,FTX Arena,804761,19628
2021-22,Milwaukee Bucks,28.5,51,31,49,33,3.35,-0.14,3.22,115.1,111.8,3.3,99.9,0.257,0.43,0.58,0.546,11.9,23,0.199,Fiserv Forum,715581,17453
2021-22,Minnesota Timberwolves,24.2,46,36,48,34,2.63,-0.1,2.53,114.3,111.7,2.6,100.9,0.254,0.454,0.573,0.539,12.4,24.4,0.198,Target Center,657148,16028
2021-22,New Orleans Pelicans,25.6,36,46,38,44,-0.99,0.15,-0.84,112,113,-1,97.2,0.264,0.365,0.557,0.517,12.5,26.9,0.208,Smoothie King Center,635941,15511
2021-22,New York Knicks,26,37,45,41,41,-0.12,0.11,-0.01,110.4,110.5,-0.1,95.9,0.28,0.428,0.55,0.513,12,25.1,0.208,Madison Square Garden (IV),763484,18622
2021-22,Oklahoma City Thunder,22.4,24,58,21,61,-8.1,0.2,-7.9,104.6,112.8,-8.2,98.6,0.223,0.419,0.53,0.497,12.5,21.8,0.169,Paycom Center,595112,14515
2021-22,Orlando Magic,23.3,22,60,21,61,-8,0.33,-7.67,104.5,112.5,-8,99.2,0.223,0.417,0.538,0.503,13,19.8,0.175,Amway Center,622881,15192
2021-22,Philadelphia 76ers,26.8,51,31,48,34,2.61,-0.04,2.57,113.5,110.8,2.7,96.2,0.282,0.376,0.578,0.534,11.6,20.1,0.232,Wells Fargo Center,846867,20655
2021-22,Phoenix Suns,27.5,64,18,59,23,7.5,-0.56,6.94,114.8,107.3,7.5,99.8,0.221,0.354,0.581,0.549,11.6,22.3,0.176,Phoenix Suns Arena,663171,16175
2021-22,Portland Trail Blazers,25.6,27,55,20,62,-8.88,0.33,-8.55,107.8,116.9,-9.1,98.3,0.248,0.422,0.55,0.515,13,22.9,0.188,Moda Center,705608,17210
2021-22,Sacramento Kings,25.8,30,52,28,54,-5.46,0.2,-5.26,109.9,115.3,-5.4,99.8,0.264,0.377,0.561,0.525,12.5,21.3,0.203,Golden 1 Center,577583,14087
2021-22,San Antonio Spurs,24.5,34,48,41,41,0.12,-0.1,0.02,112.4,112.3,0.1,100,0.22,0.345,0.556,0.527,11.1,23.7,0.166,AT&T Center,615588,15014
2021-22,Toronto Raptors,24.8,48,34,47,35,2.29,0.08,2.38,112.9,110.5,2.4,96,0.234,0.375,0.543,0.51,11,28.4,0.177,Scotiabank Arena,547343,13350
2021-22,Utah Jazz,29.3,49,33,56,26,6.04,-0.37,5.67,116.7,110.5,6.2,97.1,0.271,0.468,0.589,0.555,12.7,25.4,0.208,Vivint Smart Home Arena,750546,18306
2021-22,Washington Wizards,25.9,35,47,32,50,-3.38,0.15,-3.23,111.1,114.5,-3.4,97,0.252,0.356,0.568,0.532,12.1,20.9,0.197,Capital One Arena,637215,15542
2020-21,Atlanta Hawks,25.4,41,31,41,31,2.32,-0.18,2.14,115.7,113.3,2.4,97.6,0.278,0.382,0.581,0.539,11.9,24.4,0.226,State Farm Arena,59288,1647
2020-21,Boston Celtics,25.1,36,36,39,33,1.46,-0.14,1.32,114,112.5,1.5,98.3,0.234,0.409,0.574,0.543,12.5,24.3,0.181,TD Garden,30067,835
2020-21,Brooklyn Nets,28.2,48,24,46,26,4.5,-0.27,4.24,118.3,113.8,4.5,99.5,0.258,0.413,0.61,0.575,12.2,21.4,0.208,Barclays Center,30491,847
2020-21,Charlotte Hornets,24.6,33,39,32,40,-1.93,-0.01,-1.94,110.9,112.8,-1.9,98.3,0.238,0.422,0.564,0.532,13.3,23.5,0.181,Spectrum Center,68255,1896
2020-21,Chicago Bulls,25.6,31,41,34,38,-0.89,-0.05,-0.94,111.1,112,-0.9,99,0.197,0.383,0.575,0.547,13.6,22.3,0.156,United Center,13655,379
2020-21,Cleveland Cavaliers,24,22,50,18,54,-8.44,0.25,-8.19,105.8,114.4,-8.6,97.3,0.261,0.347,0.543,0.508,13.9,23.6,0.194,Rocket Mortgage Fieldhouse,91476,2541
2020-21,Dallas Mavericks,26.3,42,30,41,31,2.26,-0.01,2.26,115.4,113,2.4,97.3,0.242,0.436,0.582,0.55,11.1,21.1,0.189,American Airlines Center,94849,2635
2020-21,Denver Nuggets,26.1,47,25,47,25,4.93,-0.11,4.82,117.1,112.1,5,97.1,0.219,0.383,0.588,0.557,12.1,24.7,0.176,Ball Arena,54563,1516
2020-21,Detroit Pistons,24.5,20,52,26,46,-4.47,0.09,-4.38,108,112.5,-4.5,97.9,0.273,0.385,0.556,0.519,13.5,21.9,0.207,Little Caesars Arena,14250,396
2020-21,Golden State Warriors,26.7,39,33,38,34,1.06,0.04,1.1,111.1,110.1,1,102.2,0.239,0.439,0.583,0.551,13.3,17.9,0.188,Chase Center,33457,929
2020-21,Houston Rockets,26.5,17,55,20,52,-7.9,0.4,-7.5,107.1,114.9,-7.8,101.4,0.252,0.459,0.553,0.521,13,19.8,0.187,Toyota Center,117009,3250
2020-21,Indiana Pacers,26.5,34,38,36,36,-0.04,-0.08,-0.13,112.4,112.4,0,101.6,0.227,0.372,0.575,0.542,11.9,20.2,0.18,Bankers Life Fieldhouse,,
2020-21,Los Angeles Clippers,28.8,47,25,49,23,6.18,-0.16,6.02,117.6,111.2,6.4,96.9,0.222,0.4,0.599,0.564,12.2,22.7,0.186,STAPLES Center,13901,386
2020-21,Los Angeles Lakers,28.2,42,30,42,30,2.79,-0.03,2.77,109.9,107.1,2.8,98.7,0.271,0.363,0.569,0.536,13.6,22.5,0.2,STAPLES Center,23313,648
2020-21,Memphis Grizzlies,24.2,38,34,38,34,1.03,0.04,1.07,112,111,1,100.4,0.232,0.342,0.56,0.528,11.6,24.2,0.179,FedEx Forum,61449,1707
2020-21,Miami Heat,27.4,40,32,36,36,0.03,-0.09,-0.06,111.2,111.2,0,96.6,0.252,0.432,0.581,0.546,13.1,19.4,0.199,AmericanAirlines Arena,,
2020-21,Milwaukee Bucks,28.1,46,26,48,24,5.89,-0.32,5.57,117.2,111.4,5.8,102.2,0.233,0.404,0.593,0.566,12,23.3,0.177,Fiserv Forum,64780,1799
2020-21,Minnesota Timberwolves,23.2,23,49,24,48,-5.56,0.31,-5.25,109.5,115,-5.5,101.6,0.254,0.413,0.555,0.52,12.4,22.7,0.193,Target Center,15774,438
2020-21,New Orleans Pelicans,24.8,31,41,35,37,-0.29,0.1,-0.2,113.5,113.8,-0.3,100.1,0.293,0.342,0.57,0.537,12.7,26.3,0.214,Smoothie King Center,93120,2587
2020-21,New York Knicks,25.6,41,31,41,31,2.31,-0.18,2.13,110.6,108.2,2.4,95.9,0.242,0.347,0.559,0.524,11.9,21.9,0.19,Madison Square Garden (IV),42131,1170
2020-21,Oklahoma City Thunder,22.8,22,50,15,57,-10.64,0.51,-10.13,103.5,114,-10.5,101,0.242,0.399,0.539,0.509,14.2,21.2,0.176,Chesapeake Energy Arena,,
2020-21,Orlando Magic,25.6,21,51,17,55,-9.31,0.29,-9.02,105.1,114.5,-9.4,98.7,0.24,0.356,0.527,0.49,11.5,21.6,0.186,Amway Center,126463,3513
2020-21,Philadelphia 76ers,27.1,49,23,48,24,5.58,-0.31,5.28,113.2,107.6,5.6,99.5,0.293,0.347,0.579,0.541,12.8,23.2,0.225,Wells Fargo Center,68583,1905
2020-21,Phoenix Suns,26.6,51,21,49,23,5.82,-0.15,5.67,117.2,111.3,5.9,97.2,0.212,0.392,0.597,0.564,11.5,20.8,0.177,Phoenix Suns Arena,104027,2890
2020-21,Portland Trail Blazers,27.4,42,30,40,32,1.79,0.01,1.81,117.8,116,1.8,98.4,0.238,0.448,0.577,0.54,9.9,23,0.195,Moda Center,5817,162
2020-21,Sacramento Kings,25.6,31,41,28,44,-3.68,0.23,-3.45,113.6,117.2,-3.6,100,0.248,0.376,0.578,0.549,12,21.3,0.185,Golden 1 Center,,
2020-21,San Antonio Spurs,26.2,33,39,32,40,-1.74,0.15,-1.58,111,112.8,-1.8,98.9,0.243,0.314,0.554,0.517,10.2,20,0.192,AT&T Center,61053,1696
2020-21,Toronto Raptors,26.6,27,45,35,37,-0.47,-0.07,-0.54,112,112.5,-0.5,99.2,0.241,0.444,0.567,0.529,11.9,20.8,0.196,Amalie Arena,26024,723
2020-21,Utah Jazz,28.5,52,20,55,17,9.25,-0.29,8.97,117.6,108.3,9.3,98.5,0.244,0.488,0.597,0.563,12.7,24.5,0.195,Vivint Smart Home Arena,151300,4203
2020-21,Washington Wizards,26.6,34,38,32,40,-1.83,-0.01,-1.85,111.2,113,-1.8,104.1,0.288,0.319,0.569,0.531,12.3,21.3,0.221,Capital One Arena,19198,533
